{"rr": [0.0, 0.0, 0.0, 0.0, 0.0, 0.0, 0.0, 0.0, 0.0, 0.0, 0.0, 0.0, 0.0, 0.0, 0.0, 0.0, 0.0, 0.0, -599.4000000000001, 0.0, 0.0, 0.0, 0.0, 0.0, 0.0, 0.0, 0.0, 0.0, 0.0, 0.0, 0.0, 0.0, 0.0, 0.0, 0.0, 0.0, 0.0, 0.0, 0.0, 0.0, 0.0, 0.0, 0.0, 0.0, 0.0, 0.0, 0.0, 0.0, 0.0, 0.0, 0.0, 0.0, 0.0, 0.0, 0.0, 0.0, 0.0, 0.0, 0.0, 0.0, 0.0, 0.0, 0.0, 0.0, 0.0, 0.0, 0.0, 0.0, 0.0, 0.0, 0.0, 0.0, 0.0, 0.0, 0.0, 0.0, 0.0, -599.4000000000001, 0.0, 0.0, 0.0, 0.0, 0.0, 0.0, 0.0, 0.0, 0.0, 0.0, 0.0, 0.0, 0.0, 0.0, 0.0, 0.0, 0.0, 0.0, 0.0, 0.0, 0.0, 0.0, 0.0, 0.0, 0.0, 0.0, 0.0, 0.0, 0.0, 0.0, 0.0, 0.0, 0.0, 0.0, 0.0, 0.0, 0.0, 0.0, 0.0, 0.0, 0.0, 0.0, 0.0, 0.0, 0.0, 0.0, 0.0, 0.0, 0.0, 0.0, 0.0, 0.0, 0.0, 0.0, 0.0, 0.0, 0.0, 0.0, 0.0, 0.0, 0.0, 0.0, 0.0, 0.0, 0.0, 0.0], "dd": [269.0, 279.0, 284.0, 298.0, 239.0, 208.0, 205.0, 14.0, 119.0, 171.0, 267.0, 287.0, 232.0, 261.0, 292.0, 29.0, 52.0, 60.0, 125.0, 71.0, 31.0, 24.0, 4.0, 250.0, 225.0, 250.0, 261.0, 258.0, 252.0, 257.0, 262.0, 267.0, 263.0, 264.0, 261.0, 284.0, 248.0, 229.0, 244.0, 245.0, 289.0, 271.0, 265.0, 227.0, 247.0, 217.0, 224.0, 238.0, 228.0, 237.0, 247.0, 237.0, 270.0, 249.0, 235.0, 240.0, 226.0, 249.0, 269.0, 272.0, 254.0, 248.0, 229.0, 247.0, 242.0, 252.0, 228.0, 216.0, 235.0, 285.0, 215.0, 340.0, 290.0, 304.0, 295.0, 212.0, 155.0, 41.0, 58.0, 330.0, 304.0, 288.0, 239.0, 229.0, 222.0, 214.0, 219.0, 229.0, 314.0, 297.0, 199.0, 304.0, 217.0, 208.0, 329.0, 308.0, 223.0, 267.0, 91.0, 277.0, 261.0, 239.0, 279.0, 242.0, 217.0, 192.0, 262.0, 37.0, 107.0, 235.0, 311.0, 347.0, 198.0, 102.0, 70.0, 43.0, 297.0, 297.0, 326.0, 228.0, 160.0, 39.0, 23.0, 43.0, 63.0, 27.0, 26.0, 53.0, 33.0, 56.0, 247.0, 210.0, 232.0, 12.0, 79.0, 55.0, 58.0, 84.0, 85.0, 91.0, 87.0, 93.0, 101.0, 93.0], "tp": [-1.0, -1.0, -1.3, -1.5, -1.6, -2.0, -2.2, -2.0, -1.7, -1.1, -0.8, -0.6, -0.5, -0.5, -0.5, -0.9, -1.3, -1.4, -1.5, -1.1, -1.1, -1.0, -1.2, -1.4, -1.5, -1.4, -1.3, -1.0, -0.7, -0.7, -0.7, -0.6, -0.5, -0.3, -0.2, -0.2, -0.3, -0.3, -0.3, -0.4, -0.5, -0.5, -0.4, -0.4, -0.5, -0.6, -0.6, -0.8, -0.8, -0.8, -0.8, -0.7, -0.6, -0.6, -0.7, -0.8, -0.9, -0.9, -1.0, -1.0, -1.0, -1.1, -1.1, -1.1, -1.2, -1.2, -1.3, -1.3, -1.3, -1.4, -1.5, -1.3, -1.4, -1.3, -1.3, -1.4, -1.5, -1.6, -1.8, -1.9, -1.8, -1.6, -1.9, -2.0, -1.7, -1.7, -1.8, -1.9, -1.8, -1.5, -1.3, -1.4, -1.4, -1.4, -1.4, -1.2, -1.3, -1.1, -1.5, -1.4, -2.0, -1.1, -0.5, -1.9, -2.1, -2.1, -2.4, -2.3, -3.5, -3.1, -3.4, -3.4, -3.8, -3.9, -3.6, -4.2, -4.0, -4.2, -3.1, -3.2, -4.1, -3.7, -4.5, -4.8, -4.9, -4.4, -5.1, -4.6, -5.1, -4.6, -5.9, -6.2, -6.2, -6.2, -5.9, -5.8, -6.2, -5.7, -5.6, -6.0, -5.6, -5.7, -5.8, -5.5], "p": [933.6, 933.7, 934.0, 934.0, 934.1, 934.3, 934.5, 934.7, 934.8, 935.1, 935.4, 935.7, 935.9, 936.2, 936.4, 936.6, 936.7, 936.8, 936.9, 937.0, 937.0, 937.1, 937.3, 937.4, 937.5, 937.6, 937.7, 937.9, 938.0, 938.2, 938.5, 938.6, 938.7, 938.9, 938.9, 939.0, 939.0, 939.0, 939.1, 939.2, 939.2, 939.3, 939.5, 939.5, 939.6, 939.6, 939.6, 939.7, 939.8, 939.9, 940.0, 940.1, 940.2, 940.3, 940.3, 940.4, 940.4, 940.5, 940.5, 940.7, 940.8, 940.8, 941.0, 941.1, 941.2, 941.3, 941.4, 941.4, 941.5, 941.6, 941.6, 941.9, 941.9, 942.1, 942.1, 942.2, 942.2, 942.2, 942.3, 942.4, 942.5, 942.5, 942.6, 942.7, 942.9, 943.0, 943.1, 943.3, 943.4, 943.5, 943.5, 943.6, 943.7, 943.8, 944.0, 944.0, 944.1, 944.1, 944.1, 944.1, 944.1, 944.0, 944.0, 944.0, 943.8, 943.7, 943.8, 943.7, 943.6, 943.5, 943.4, 943.4, 943.2, 943.1, 943.1, 943.0, 942.9, 942.7, 942.5, 942.4, 942.2, 942.0, 942.0, 941.9, 941.8, 941.6, 941.6, 941.5, 941.5, 941.5, 941.4, 941.4, 941.4, 941.4, 941.4, 941.4, 941.4, 941.4, 941.4, 941.4, 941.3, 941.3, 941.3, 941.3], "tl": [4.7, 4.7, 4.6, 4.6, 4.6, 4.6, 4.7, 4.7, 4.6, 4.2, 3.7, 3.4, 3.2, 3.2, 3.3, 3.3, 3.2, 3.1, 2.9, 2.7, 2.6, 2.6, 2.6, 2.9, 3.0, 2.9, 3.0, 3.1, 3.0, 3.0, 2.9, 2.7, 2.5, 2.3, 2.1, 2.1, 2.0, 1.9, 2.0, 1.9, 1.7, 1.8, 1.7, 1.6, 1.5, 1.4, 1.5, 1.4, 1.3, 1.3, 1.3, 1.3, 1.4, 1.2, 1.1, 1.1, 1.0, 1.0, 0.8, 0.9, 0.9, 0.8, 0.8, 0.8, 0.7, 0.7, 0.7, 0.7, 0.7, 0.7, 0.7, 0.8, 0.7, 0.9, 0.8, 0.8, 0.6, 0.4, 0.2, -0.1, 0.1, 0.4, 0.5, 0.4, 0.6, 0.6, 0.5, 0.5, 0.5, 0.6, 0.8, 1.0, 1.3, 1.4, 1.5, 1.9, 2.3, 2.6, 2.7, 3.0, 2.8, 4.0, 5.3, 4.9, 4.4, 4.4, 4.5, 5.6, 4.8, 5.4, 5.9, 5.9, 6.0, 6.5, 6.6, 6.3, 6.2, 6.4, 7.8, 8.3, 8.1, 8.6, 7.4, 7.1, 7.2, 7.5, 7.2, 7.8, 8.5, 9.2, 8.3, 8.1, 8.3, 8.2, 8.3, 8.1, 7.9, 7.8, 7.8, 7.8, 8.2, 7.8, 7.5, 7.3], "so": [0.0, 0.0, 0.0, 0.0, 0.0, 0.0, 0.0, 0.0, 0.0, 0.0, 0.0, 0.0, 0.0, 0.0, 0.0, 0.0, 0.0, 0.0, 0.0, 0.0, 0.0, 0.0, 0.0, 0.0, 0.0, 0.0, 0.0, 0.0, 0.0, 0.0, 0.0, 0.0, 0.0, 0.0, 0.0, 0.0, 0.0, 0.0, 0.0, 0.0, 0.0, 0.0, 0.0, 0.0, 0.0, 0.0, 0.0, 0.0, 0.0, 0.0, 0.0, 0.0, 0.0, 0.0, 0.0, 0.0, 0.0, 0.0, 0.0, 0.0, 0.0, 0.0, 0.0, 0.0, 0.0, 0.0, 0.0, 0.0, 0.0, 0.0, 0.0, 0.0, 0.0, 0.0, 0.0, 0.0, 0.0, 0.0, 0.0, 0.0, 0.0, 0.0, 0.0, 0.0, 0.0, 0.0, 0.0, 0.0, 0.0, 0.0, 0.0, 5.283333333333333, 8.2, 0.0, 0.0, 0.0, 3.8333333333333335, 3.85, 0.7333333333333333, 3.0166666666666666, 5.716666666666667, 10.0, 10.0, 5.316666666666666, 0.43333333333333335, 2.216666666666667, 0.38333333333333336, 4.35, 5.866666666666666, 3.6166666666666667, 8.783333333333333, 8.65, 9.416666666666666, 7.3, 3.9166666666666665, 0.08333333333333333, 0.0, 3.3333333333333335, 10.0, 9.8, 9.35, 4.533333333333333, 0.0, 0.0, 0.0, 0.0, 0.0, 6.833333333333333, 7.616666666666666, 6.233333333333333, 3.55, 0.0, 4.7, 2.316666666666667, 0.0, 0.0, 0.0, 0.0, 0.0, 0.0, 3.033333333333333, 2.75, 0.0, 0.05], "ff": [2.0, 0.6, 0.3, 2.5, 1.7, 1.3, 0.4, 1.2, 0.8, 1.0, 2.7, 2.5, 1.7, 1.6, 1.7, 2.3, 2.7, 2.0, 1.6, 0.8, 0.7, 0.7, 0.3, 0.5, 1.3, 1.0, 1.1, 1.3, 1.8, 2.1, 2.6, 2.9, 3.2, 3.2, 2.6, 2.6, 1.6, 1.6, 1.2, 0.6, 1.1, 0.9, 0.8, 1.3, 0.7, 0.5, 0.8, 1.1, 1.1, 1.1, 0.9, 0.7, 0.8, 1.5, 1.4, 1.7, 1.8, 1.1, 1.1, 1.1, 1.0, 1.2, 1.2, 1.9, 1.8, 1.1, 1.0, 1.1, 0.9, 1.2, 0.3, 0.6, 0.8, 1.6, 1.5, 0.7, 0.4, 0.2, 0.3, 0.6, 1.2, 0.8, 1.2, 0.6, 0.4, 0.5, 1.1, 1.4, 2.0, 1.3, 0.3, 0.7, 0.6, 0.9, 0.2, 0.2, 1.2, 0.6, 0.3, 0.5, 0.6, 0.6, 0.8, 0.6, 0.8, 0.8, 0.6, 0.7, 0.4, 1.2, 0.7, 0.3, 0.6, 0.5, 1.1, 1.4, 1.5, 0.7, 1.0, 1.0, 0.9, 0.7, 2.4, 2.6, 2.6, 2.2, 1.2, 1.0, 1.3, 1.5, 0.5, 1.8, 1.0, 0.4, 1.7, 2.4, 3.0, 3.9, 4.6, 3.9, 4.2, 3.7, 3.8, 4.4],